Year,Total Crimes,Growth,Annual Growth Rate
2018,93526,318,0.341172432
2017,93208,1811,1.981465475
2016,91397,2226,2.496327281
2015,89171,6818,8.278994086
2014,82353,N/A,
